{
  "transfer_model": {
    "accuracy": 0.819,
    "precision": 0.8678451136422739,
    "recall": 0.819,
    "f1": 0.8238806924572721
  },
  "recovery_model": {
    "mae": 10.228069999999999,
    "rmse": 12.891191940623644,
    "r2": 0.5925293506031778
  },
  "duty_model": {
    "accuracy": 0.919,
    "precision": 0.9489831556909022,
    "recall": 0.919,
    "f1": 0.92850667094151
  }
}